{"cameraMode":{"drawMode":0,"name":"Shaded","section":"Shading Mode"},"sceneLighting":true,"audioPlay":false,"sceneViewState":{"m_AlwaysRefresh":false,"showFog":true,"showSkybox":true,"showFlares":true,"showImageEffects":true,"showParticleSystems":true,"showVisualEffectGraphs":true,"m_FxEnabled":true},"in2DMode":false,"pivot":{"x":-4.690823554992676,"y":8.298083305358887,"z":-0.048589326441287997},"rotation":{"x":-0.06924337893724442,"y":-0.006869106087833643,"z":0.0005895707872696221,"w":-0.9974902868270874},"size":4.009273052215576,"orthographic":false}