{"cameraMode":{"drawMode":0,"name":"Shaded","section":"Shading Mode"},"sceneLighting":true,"audioPlay":false,"sceneViewState":{"m_AlwaysRefresh":false,"showFog":true,"showSkybox":true,"showFlares":true,"showImageEffects":true,"showParticleSystems":true,"showVisualEffectGraphs":true,"m_FxEnabled":true},"in2DMode":false,"pivot":{"x":-5.015346527099609,"y":6.289783954620361,"z":-3.577320098876953},"rotation":{"x":0.17342598736286164,"y":0.24831508100032807,"z":-0.045663341879844668,"w":0.9519815444946289},"size":4.3165411949157719,"orthographic":false}